Simulation, Step, Columns, Integers, Rows, Non-Zeros, UC-Time, ST-Time
log_files/Model ( b_2024_EI_SE_13 ) Log (2).txt,1, 2753948, 23808, 479725, 9991618,  00:00:51.6,  00:31:42.0. 
log_files/Model ( b_2024_EI_SE_13 ) Log (2).txt,2, 2753948, 23808, 479725, 9991624,  00:01:41.8,  00:24:51.2. 
log_files/Model ( b_2024_EI_SE_13 ) Log (2).txt,3, 2753948, 23808, 479725, 9991624,  00:01:41.2,  00:28:01.0. 
log_files/Model ( b_2024_EI_SE_13 ) Log (2).txt,4, 2753948, 23808, 479725, 9991624,  00:01:36.6,  00:32:37.6. 
log_files/Model ( b_2024_EI_SE_13 ) Log (2).txt,5, 2753948, 23808, 479725, 9991624,  00:01:42.3,  00:20:53.5. 
log_files/Model ( b_2024_EI_SE_13 ) Log (2).txt,6, 2753948, 23808, 479725, 9991624,  00:01:54.7,  00:27:03.7. 
log_files/Model ( b_2024_EI_SE_13 ) Log (2).txt,7, 2753948, 23808, 479725, 9991624,  00:01:20.4,  00:36:54.9. 
log_files/Model ( b_2024_EI_NYISO_43 ) Log (3).txt,1, 2575644, 6000, 183623, 737626,  00:00:06.5,  00:27:09.3. 
log_files/Model ( b_2024_EI_NYISO_43 ) Log (3).txt,2, 2575644, 6000, 183623, 737626,  00:00:06.5,  00:18:44.1. 
log_files/Model ( b_2024_EI_NYISO_43 ) Log (3).txt,3, 2575644, 6000, 183623, 737626,  00:00:08.9,  00:21:10.0. 
log_files/Model ( b_2024_EI_NYISO_43 ) Log (3).txt,4, 2575644, 6000, 183623, 737626,  00:00:07.1,  00:19:39.9. 
log_files/Model ( b_2024_EI_NYISO_43 ) Log (3).txt,5, 2575644, 6000, 183623, 737626,  00:00:06.6,  00:21:17.3. 
log_files/Model ( b_2024_EI_NYISO_43 ) Log (3).txt,6, 2575644, 6000, 183623, 737626,  00:00:06.4,  00:22:42.3. 
log_files/Model ( b_2024_EI_NYISO_43 ) Log (3).txt,7, 2575644, 6000, 183623, 737626,  00:00:06.1,  00:23:55.3. 
log_files/Model ( b_2024_EI_PJM_25 ) Log (3).txt,1, 2705788, 21024, 419674, 7298021,  00:00:20.8,  00:27:38.2. 
log_files/Model ( b_2024_EI_PJM_25 ) Log (3).txt,2, 2705788, 21024, 419674, 7298028,  00:00:42.1,  00:21:40.8. 
log_files/Model ( b_2024_EI_PJM_25 ) Log (3).txt,3, 2705788, 21024, 419674, 7298028,  00:00:40.2,  00:24:52.9. 
log_files/Model ( b_2024_EI_PJM_25 ) Log (3).txt,4, 2705788, 21024, 419674, 7298028,  00:00:24.6,  00:26:39.8. 
log_files/Model ( b_2024_EI_PJM_25 ) Log (3).txt,5, 2705788, 21024, 419674, 7298028,  00:00:27.3,  00:31:37.3. 
log_files/Model ( b_2024_EI_PJM_25 ) Log (3).txt,6, 2705788, 21024, 419674, 7298028,  00:00:29.9,  00:34:20.2. 
log_files/Model ( b_2024_EI_PJM_25 ) Log (3).txt,7, 2705788, 21024, 419674, 7298028,  00:00:30.9,  00:35:16.2. 
log_files/Model ( so_2024_EI_43 ) Log (1).txt,1, 3521652, 99624, 1734952, 48663603,  01:23:28.0,  01:56:37.7. 
log_files/Model ( so_2024_EI_43 ) Log (1).txt,2, 3521652, 99624, 1734952, 48663649,  01:40:56.5,  02:17:19.7. 
log_files/Model ( so_2024_EI_43 ) Log (1).txt,3, 3521652, 99624, 1734952, 48663649,  01:33:26.5,  01:59:25.0. 
log_files/Model ( so_2024_EI_43 ) Log (1).txt,4, 3521652, 99624, 1734952, 48663649,  01:51:55.0,  02:25:53.2. 
log_files/Model ( so_2024_EI_43 ) Log (1).txt,5, 3521652, 99624, 1734952, 48663649,  01:43:07.6,  02:44:38.6. 
log_files/Model ( so_2024_EI_43 ) Log (1).txt,6, 3521652, 99624, 1734952, 48663649,  01:34:58.4,  02:34:04.1. 
log_files/Model ( so_2024_EI_43 ) Log (1).txt,7, 3521652, 99624, 1734952, 48663649,  01:23:46.9,  02:20:58.5. 
log_files/Model ( b_2024_EI_SE_01 ) Log (2).txt,1, 2753948, 23808, 479725, 9991618,  00:01:19.0,  00:28:44.5. 
log_files/Model ( b_2024_EI_SE_01 ) Log (2).txt,2, 2753948, 23808, 479725, 9991624,  00:01:33.2,  00:25:40.4. 
log_files/Model ( b_2024_EI_SE_01 ) Log (2).txt,3, 2753948, 23808, 479725, 9991624,  00:02:25.1,  00:32:51.3. 
log_files/Model ( b_2024_EI_SE_01 ) Log (2).txt,4, 2753948, 23808, 479725, 9991624,  00:02:29.6,  00:34:28.1. 
log_files/Model ( b_2024_EI_SE_01 ) Log (2).txt,5, 2753948, 23808, 479725, 9991624,  00:02:01.9,  00:27:53.6. 
log_files/Model ( b_2024_EI_SE_01 ) Log (2).txt,6, 2753948, 23808, 479725, 9991624,  00:01:40.9,  00:32:07.9. 
log_files/Model ( b_2024_EI_SE_01 ) Log (2).txt,7, 2753948, 23808, 479725, 9991624,  00:02:21.3,  00:40:36.3. 
log_files/Model ( b_2024_EI_MISO_31 ) Log (4).txt,1, 2738212, 22320, 456872, 18750130,  00:00:41.2,  00:28:50.7. 
log_files/Model ( b_2024_EI_MISO_31 ) Log (4).txt,2, 2738212, 22320, 456872, 18750141,  00:01:00.3,  00:28:05.5. 
log_files/Model ( b_2024_EI_MISO_31 ) Log (4).txt,3, 2738212, 22320, 456872, 18750141,  00:00:44.0,  00:32:09.3. 
log_files/Model ( b_2024_EI_MISO_31 ) Log (4).txt,4, 2738212, 22320, 456872, 18750141,  00:01:06.6,  00:29:02.2. 
log_files/Model ( b_2024_EI_MISO_31 ) Log (4).txt,5, 2738212, 22320, 456872, 18750141,  00:01:03.4,  00:38:46.0. 
log_files/Model ( b_2024_EI_MISO_31 ) Log (4).txt,6, 2738212, 22320, 456872, 18750141,  00:01:07.7,  00:40:30.4. 
log_files/Model ( b_2024_EI_MISO_31 ) Log (4).txt,7, 2738212, 22320, 456872, 18750141,  00:01:35.2,  00:22:14.4. 
log_files/Model ( b_2024_EI_PJM_43 ) Log (2).txt,1, 2705788, 21024, 419674, 7298021,  00:00:19.8,  00:29:47.3. 
log_files/Model ( b_2024_EI_PJM_43 ) Log (2).txt,2, 2705788, 21024, 419674, 7298028,  00:00:27.5,  00:26:01.9. 
log_files/Model ( b_2024_EI_PJM_43 ) Log (2).txt,3, 2705788, 21024, 419674, 7298028,  00:00:36.5,  00:26:28.4. 
log_files/Model ( b_2024_EI_PJM_43 ) Log (2).txt,4, 2705788, 21024, 419674, 7298028,  00:00:37.4,  00:21:23.6. 
log_files/Model ( b_2024_EI_PJM_43 ) Log (2).txt,5, 2705788, 21024, 419674, 7298028,  00:00:36.0,  00:22:12.3. 
log_files/Model ( b_2024_EI_PJM_43 ) Log (2).txt,6, 2705788, 21024, 419674, 7298028,  00:00:29.9,  00:28:56.0. 
log_files/Model ( b_2024_EI_PJM_43 ) Log (2).txt,7, 2705788, 21024, 419674, 7298028,  00:00:29.9,  00:33:33.4. 
log_files/Model ( b_2024_EI_NYISO_19 ) Log (3).txt,1, 2575644, 6000, 183623, 737626,  00:00:06.1,  00:29:11.6. 
log_files/Model ( b_2024_EI_NYISO_19 ) Log (3).txt,2, 2575644, 6000, 183623, 737626,  00:00:07.2,  00:19:49.0. 
log_files/Model ( b_2024_EI_NYISO_19 ) Log (3).txt,3, 2575644, 6000, 183623, 737626,  00:00:06.7,  00:21:23.7. 
log_files/Model ( b_2024_EI_NYISO_19 ) Log (3).txt,4, 2575644, 6000, 183623, 737626,  00:00:08.9,  00:25:19.6. 
log_files/Model ( b_2024_EI_NYISO_19 ) Log (3).txt,5, 2575644, 6000, 183623, 737626,  00:00:07.7,  00:24:22.8. 
log_files/Model ( b_2024_EI_NYISO_19 ) Log (3).txt,6, 2575644, 6000, 183623, 737626,  00:00:06.9,  00:27:21.4. 
log_files/Model ( b_2024_EI_NYISO_19 ) Log (3).txt,7, 2575644, 6000, 183623, 737626,  00:00:06.4,  00:17:40.9. 
log_files/Model ( b_2024_EI_SPP_07 ) Log (3).txt,1, 2638420, 13632, 292520, 14257641,  00:00:18.0,  00:27:20.6. 
log_files/Model ( b_2024_EI_SPP_07 ) Log (3).txt,2, 2638420, 13632, 292520, 14257651,  00:00:27.6,  00:23:25.3. 
log_files/Model ( b_2024_EI_SPP_07 ) Log (3).txt,3, 2638420, 13632, 292520, 14257651,  00:00:26.0,  00:23:50.2. 
log_files/Model ( b_2024_EI_SPP_07 ) Log (3).txt,4, 2638420, 13632, 292520, 14257651,  00:00:36.6,  00:26:40.6. 
log_files/Model ( b_2024_EI_SPP_07 ) Log (3).txt,5, 2638420, 13632, 292520, 14257651,  00:00:31.8,  00:18:29.0. 
log_files/Model ( b_2024_EI_SPP_07 ) Log (3).txt,6, 2638420, 13632, 292520, 14257651,  00:00:36.5,  00:20:16.8. 
log_files/Model ( b_2024_EI_SPP_07 ) Log (3).txt,7, 2638420, 13632, 292520, 14257651,  00:00:27.5,  00:23:44.0. 
log_files/Model ( b_2024_EI_PJM_01 ) Log (2).txt,1, 2705788, 21024, 419674, 7298021,  00:00:43.0,  00:30:19.9. 
log_files/Model ( b_2024_EI_PJM_01 ) Log (2).txt,2, 2705788, 21024, 419674, 7298028,  00:00:41.6,  00:21:58.7. 
log_files/Model ( b_2024_EI_PJM_01 ) Log (2).txt,3, 2705788, 21024, 419674, 7298028,  00:00:55.8,  00:24:10.8. 
log_files/Model ( b_2024_EI_PJM_01 ) Log (2).txt,4, 2705788, 21024, 419674, 7298028,  00:00:44.8,  00:28:51.2. 
log_files/Model ( b_2024_EI_PJM_01 ) Log (2).txt,5, 2705788, 21024, 419674, 7298028,  00:00:49.5,  00:33:06.0. 
log_files/Model ( b_2024_EI_PJM_01 ) Log (2).txt,6, 2705788, 21024, 419674, 7298028,  00:01:15.6,  00:36:59.3. 
log_files/Model ( b_2024_EI_PJM_01 ) Log (2).txt,7, 2705788, 21024, 419674, 7298028,  00:01:08.3,  00:35:06.8. 
log_files/Model ( b_2024_EI_SPP_25 ) Log (3).txt,1, 2638420, 13632, 292520, 14257641,  00:00:23.6,  00:31:02.8. 
log_files/Model ( b_2024_EI_SPP_25 ) Log (3).txt,2, 2638420, 13632, 292520, 14257651,  00:00:40.0,  00:25:24.9. 
log_files/Model ( b_2024_EI_SPP_25 ) Log (3).txt,3, 2638420, 13632, 292520, 14257651,  00:00:33.1,  00:24:33.9. 
log_files/Model ( b_2024_EI_SPP_25 ) Log (3).txt,4, 2638420, 13632, 292520, 14257651,  00:00:32.3,  00:24:49.7. 
log_files/Model ( b_2024_EI_SPP_25 ) Log (3).txt,5, 2638420, 13632, 292520, 14257651,  00:00:39.8,  00:30:55.1. 
log_files/Model ( b_2024_EI_SPP_25 ) Log (3).txt,6, 2638420, 13632, 292520, 14257651,  00:00:40.0,  00:33:24.8. 
log_files/Model ( b_2024_EI_SPP_25 ) Log (3).txt,7, 2638420, 13632, 292520, 14257651,  00:00:29.5,  00:41:21.8. 
log_files/Model ( b_2024_EI_MISO_43 ) Log (3).txt,1, 2738212, 22320, 456872, 18750130,  00:00:58.9,  00:29:42.7. 
log_files/Model ( b_2024_EI_MISO_43 ) Log (3).txt,2, 2738212, 22320, 456872, 18750141,  00:01:46.0,  00:26:26.3. 
log_files/Model ( b_2024_EI_MISO_43 ) Log (3).txt,3, 2738212, 22320, 456872, 18750141,  00:01:11.9,  00:27:03.8. 
log_files/Model ( b_2024_EI_MISO_43 ) Log (3).txt,4, 2738212, 22320, 456872, 18750141,  00:01:09.3,  00:22:44.5. 
log_files/Model ( b_2024_EI_MISO_43 ) Log (3).txt,5, 2738212, 22320, 456872, 18750141,  00:01:20.9,  00:32:59.2. 
log_files/Model ( b_2024_EI_MISO_43 ) Log (3).txt,6, 2738212, 22320, 456872, 18750141,  00:02:01.4,  00:38:10.4. 
log_files/Model ( b_2024_EI_MISO_43 ) Log (3).txt,7, 2738212, 22320, 456872, 18750141,  00:01:46.1,  00:21:58.2. 
log_files/Model ( b_2024_EI_SPP_37 ) Log (3).txt,1, 2638420, 13632, 292520, 14257641,  00:00:20.1,  00:29:53.0. 
log_files/Model ( b_2024_EI_SPP_37 ) Log (3).txt,2, 2638420, 13632, 292520, 14257651,  00:00:42.8,  00:23:50.7. 
log_files/Model ( b_2024_EI_SPP_37 ) Log (3).txt,3, 2638420, 13632, 292520, 14257651,  00:00:36.9,  00:24:44.4. 
log_files/Model ( b_2024_EI_SPP_37 ) Log (3).txt,4, 2638420, 13632, 292520, 14257651,  00:01:03.5,  00:22:17.5. 
log_files/Model ( b_2024_EI_SPP_37 ) Log (3).txt,5, 2638420, 13632, 292520, 14257651,  00:00:30.7,  00:22:25.9. 
log_files/Model ( b_2024_EI_SPP_37 ) Log (3).txt,6, 2638420, 13632, 292520, 14257651,  00:00:30.3,  00:24:45.1. 
log_files/Model ( b_2024_EI_SPP_37 ) Log (3).txt,7, 2638420, 13632, 292520, 14257651,  00:00:25.0,  00:29:01.1. 
log_files/Model ( b_2024_EI_CAN_37 ) Log (3).txt,1, 2578260, 6264, 184607, 741213,  00:00:04.8,  00:27:46.3. 
log_files/Model ( b_2024_EI_CAN_37 ) Log (3).txt,2, 2578260, 6264, 184607, 741216,  00:00:05.2,  00:21:33.0. 
log_files/Model ( b_2024_EI_CAN_37 ) Log (3).txt,3, 2578260, 6264, 184607, 741216,  00:00:06.5,  00:20:44.4. 
log_files/Model ( b_2024_EI_CAN_37 ) Log (3).txt,4, 2578260, 6264, 184607, 741216,  00:00:04.6,  00:23:24.7. 
log_files/Model ( b_2024_EI_CAN_37 ) Log (3).txt,5, 2578260, 6264, 184607, 741216,  00:00:04.0,  00:23:41.1. 
log_files/Model ( b_2024_EI_CAN_37 ) Log (3).txt,6, 2578260, 6264, 184607, 741216,  00:00:04.2,  00:27:19.6. 
log_files/Model ( b_2024_EI_CAN_37 ) Log (3).txt,7, 2578260, 6264, 184607, 741216,  00:00:04.2,  00:30:30.6. 
log_files/Model ( b_2024_EI_ISONE_37 ) Log (4).txt,1, 2585752, 6576, 196098, 10449930,  00:00:12.1,  00:27:53.8. 
log_files/Model ( b_2024_EI_ISONE_37 ) Log (4).txt,2, 2585752, 6576, 196098, 10449939,  00:00:17.2,  00:21:30.4. 
log_files/Model ( b_2024_EI_ISONE_37 ) Log (4).txt,3, 2585752, 6576, 196098, 10449939,  00:00:19.6,  00:23:10.4. 
log_files/Model ( b_2024_EI_ISONE_37 ) Log (4).txt,4, 2585752, 6576, 196098, 10449939,  00:00:17.5,  00:22:33.5. 
log_files/Model ( b_2024_EI_ISONE_37 ) Log (4).txt,5, 2585752, 6576, 196098, 10449939,  00:00:16.3,  00:25:39.3. 
log_files/Model ( b_2024_EI_ISONE_37 ) Log (4).txt,6, 2585752, 6576, 196098, 10449939,  00:00:19.8,  00:25:35.1. 
log_files/Model ( b_2024_EI_ISONE_37 ) Log (4).txt,7, 2585752, 6576, 196098, 10449939,  00:00:15.5,  00:18:28.0. 
log_files/Model ( b_2024_EI_CAN_01 ) Log (3).txt,1, 2578260, 6264, 184607, 741213,  00:00:05.3,  00:28:11.3. 
log_files/Model ( b_2024_EI_CAN_01 ) Log (3).txt,2, 2578260, 6264, 184607, 741216,  00:00:04.9,  00:24:19.7. 
log_files/Model ( b_2024_EI_CAN_01 ) Log (3).txt,3, 2578260, 6264, 184607, 741216,  00:12:42.9,  00:37:01.8. 
log_files/Model ( b_2024_EI_CAN_01 ) Log (3).txt,4, 2578260, 6264, 184607, 741216,  00:00:04.4,  00:19:47.8. 
log_files/Model ( b_2024_EI_CAN_01 ) Log (3).txt,5, 2578260, 6264, 184607, 741216,  00:00:05.0,  00:21:44.4. 
log_files/Model ( b_2024_EI_CAN_01 ) Log (3).txt,6, 2578260, 6264, 184607, 741216,  00:00:05.2,  00:24:23.2. 
log_files/Model ( b_2024_EI_CAN_01 ) Log (3).txt,7, 2578260, 6264, 184607, 741216,  00:00:04.7,  00:26:09.6. 
log_files/Model ( b_2024_EI_ISONE_43 ) Log (4).txt,1, 2585752, 6576, 196098, 10449930,  00:00:11.8,  00:28:05.5. 
log_files/Model ( b_2024_EI_ISONE_43 ) Log (4).txt,2, 2585752, 6576, 196098, 10449939,  00:00:17.8,  00:21:40.2. 
log_files/Model ( b_2024_EI_ISONE_43 ) Log (4).txt,3, 2585752, 6576, 196098, 10449939,  00:00:14.7,  00:24:11.6. 
log_files/Model ( b_2024_EI_ISONE_43 ) Log (4).txt,4, 2585752, 6576, 196098, 10449939,  00:00:17.8,  00:19:26.7. 
log_files/Model ( b_2024_EI_ISONE_43 ) Log (4).txt,5, 2585752, 6576, 196098, 10449939,  00:00:16.7,  00:19:23.2. 
log_files/Model ( b_2024_EI_ISONE_43 ) Log (4).txt,6, 2585752, 6576, 196098, 10449939,  00:00:13.9,  00:20:10.5. 
log_files/Model ( b_2024_EI_ISONE_43 ) Log (4).txt,7, 2585752, 6576, 196098, 10449939,  00:00:16.1,  00:22:21.0. 
log_files/Model ( b_2024_EI_ISONE_31 ) Log (4).txt,1, 2585752, 6576, 196098, 10449930,  00:00:11.0,  00:30:05.0. 
log_files/Model ( b_2024_EI_ISONE_31 ) Log (4).txt,2, 2585752, 6576, 196098, 10449939,  00:00:16.1,  00:24:16.7. 
log_files/Model ( b_2024_EI_ISONE_31 ) Log (4).txt,3, 2585752, 6576, 196098, 10449939,  00:00:19.9,  00:24:56.2. 
log_files/Model ( b_2024_EI_ISONE_31 ) Log (4).txt,4, 2585752, 6576, 196098, 10449939,  00:00:14.9,  00:19:18.0. 
log_files/Model ( b_2024_EI_ISONE_31 ) Log (4).txt,5, 2585752, 6576, 196098, 10449939,  00:00:15.2,  00:18:44.4. 
log_files/Model ( b_2024_EI_ISONE_31 ) Log (4).txt,6, 2585752, 6576, 196098, 10449939,  00:00:15.2,  00:21:24.3. 
log_files/Model ( b_2024_EI_ISONE_31 ) Log (4).txt,7, 2585752, 6576, 196098, 10449939,  00:00:16.3,  00:24:05.7. 
log_files/Model ( b_2024_EI_CAN_43 ) Log (4).txt,1, 2578260, 6264, 184607, 741213,  00:00:06.8,  00:32:47.7. 
log_files/Model ( b_2024_EI_CAN_43 ) Log (4).txt,2, 2578260, 6264, 184607, 741216,  00:00:05.4,  00:21:50.4. 
log_files/Model ( b_2024_EI_CAN_43 ) Log (4).txt,3, 2578260, 6264, 184607, 741216,  00:00:07.0,  00:24:08.1. 
log_files/Model ( b_2024_EI_CAN_43 ) Log (4).txt,4, 2578260, 6264, 184607, 741216,  00:00:05.2,  00:24:21.2. 
log_files/Model ( b_2024_EI_CAN_43 ) Log (4).txt,5, 2578260, 6264, 184607, 741216,  00:00:05.5,  00:31:55.9. 
log_files/Model ( b_2024_EI_CAN_43 ) Log (4).txt,6, 2578260, 6264, 184607, 741216,  00:00:04.4,  00:34:42.6. 
log_files/Model ( b_2024_EI_CAN_43 ) Log (4).txt,7, 2578260, 6264, 184607, 741216,  00:00:04.7,  00:37:26.6. 
log_files/Model ( b_2024_EI_SPP_13 ) Log (3).txt,1, 2638420, 13632, 292520, 14257641,  00:00:26.5,  00:29:46.3. 
log_files/Model ( b_2024_EI_SPP_13 ) Log (3).txt,2, 2638420, 13632, 292520, 14257651,  00:00:42.4,  00:24:47.9. 
log_files/Model ( b_2024_EI_SPP_13 ) Log (3).txt,3, 2638420, 13632, 292520, 14257651,  00:00:45.2,  00:29:58.3. 
log_files/Model ( b_2024_EI_SPP_13 ) Log (3).txt,4, 2638420, 13632, 292520, 14257651,  00:00:36.2,  00:30:14.1. 
log_files/Model ( b_2024_EI_SPP_13 ) Log (3).txt,5, 2638420, 13632, 292520, 14257651,  00:00:34.6,  00:21:01.5. 
log_files/Model ( b_2024_EI_SPP_13 ) Log (3).txt,6, 2638420, 13632, 292520, 14257651,  00:00:43.0,  00:22:26.3. 
log_files/Model ( b_2024_EI_SPP_13 ) Log (3).txt,7, 2638420, 13632, 292520, 14257651,  00:00:51.6,  00:29:06.4. 
log_files/Model ( b_2024_EI_MISO_37 ) Log (4).txt,1, 2738212, 22320, 456872, 18750130,  00:00:48.4,  00:28:24.0. 
log_files/Model ( b_2024_EI_MISO_37 ) Log (4).txt,2, 2738212, 22320, 456872, 18750141,  00:01:10.9,  00:23:26.0. 
log_files/Model ( b_2024_EI_MISO_37 ) Log (4).txt,3, 2738212, 22320, 456872, 18750141,  00:01:21.5,  00:27:42.3. 
log_files/Model ( b_2024_EI_MISO_37 ) Log (4).txt,4, 2738212, 22320, 456872, 18750141,  00:01:43.9,  00:21:23.5. 
log_files/Model ( b_2024_EI_MISO_37 ) Log (4).txt,5, 2738212, 22320, 456872, 18750141,  00:01:25.1,  00:29:02.1. 
log_files/Model ( b_2024_EI_MISO_37 ) Log (4).txt,6, 2738212, 22320, 456872, 18750141,  00:00:54.9,  00:37:54.6. 
log_files/Model ( b_2024_EI_MISO_37 ) Log (4).txt,7, 2738212, 22320, 456872, 18750141,  00:01:14.5,  00:38:54.4. 
log_files/Model ( b_2024_EI_NYISO_01 ) Log (4).txt,1, 2575644, 6000, 183623, 737626,  00:00:11.4,  00:28:13.4. 
log_files/Model ( b_2024_EI_NYISO_01 ) Log (4).txt,2, 2575644, 6000, 183623, 737626,  00:00:10.3,  00:19:43.7. 
log_files/Model ( b_2024_EI_NYISO_01 ) Log (4).txt,3, 2575644, 6000, 183623, 737626,  00:00:08.4,  00:19:50.1. 
log_files/Model ( b_2024_EI_NYISO_01 ) Log (4).txt,4, 2575644, 6000, 183623, 737626,  00:00:07.2,  00:22:55.5. 
log_files/Model ( b_2024_EI_NYISO_01 ) Log (4).txt,5, 2575644, 6000, 183623, 737626,  00:00:07.0,  00:23:15.7. 
log_files/Model ( b_2024_EI_NYISO_01 ) Log (4).txt,6, 2575644, 6000, 183623, 737626,  00:00:08.1,  00:23:02.7. 
log_files/Model ( b_2024_EI_NYISO_01 ) Log (4).txt,7, 2575644, 6000, 183623, 737626,  00:00:07.0,  00:25:55.3. 
log_files/Model ( b_2024_EI_CAN_07 ) Log (4).txt,1, 2578260, 6264, 184607, 741213,  00:00:07.3,  00:30:09.3. 
log_files/Model ( b_2024_EI_CAN_07 ) Log (4).txt,2, 2578260, 6264, 184607, 741216,  00:00:05.3,  00:19:38.6. 
log_files/Model ( b_2024_EI_CAN_07 ) Log (4).txt,3, 2578260, 6264, 184607, 741216,  00:00:04.8,  00:22:32.6. 
log_files/Model ( b_2024_EI_CAN_07 ) Log (4).txt,4, 2578260, 6264, 184607, 741216,  00:00:04.4,  00:23:26.6. 
log_files/Model ( b_2024_EI_CAN_07 ) Log (4).txt,5, 2578260, 6264, 184607, 741216,  00:13:26.4,  00:40:17.0. 
log_files/Model ( b_2024_EI_CAN_07 ) Log (4).txt,6, 2578260, 6264, 184607, 741216,  00:00:04.9,  00:30:14.1. 
log_files/Model ( b_2024_EI_CAN_07 ) Log (4).txt,7, 2578260, 6264, 184607, 741216,  00:00:04.6,  00:35:13.0. 
log_files/Model ( so_2024_EI_01 ) Log.txt,1, 3521652, 99624, 1734952, 48663603,  01:30:30.6,  02:03:51.9. 
log_files/Model ( so_2024_EI_01 ) Log.txt,2, 3521652, 99624, 1734952, 48663649,  01:31:14.5,  01:57:41.6. 
log_files/Model ( so_2024_EI_01 ) Log.txt,3, 3521652, 99624, 1734952, 48663649,  02:29:43.9,  03:00:39.0. 
log_files/Model ( so_2024_EI_01 ) Log.txt,4, 3521652, 99624, 1734952, 48663649,  01:53:29.6,  02:24:35.3. 
log_files/Model ( so_2024_EI_01 ) Log.txt,5, 3521652, 99624, 1734952, 48663649,  01:58:11.0,  02:24:53.8. 
log_files/Model ( so_2024_EI_01 ) Log.txt,6, 3521652, 99624, 1734952, 48663649,  01:56:10.3,  02:20:27.7. 
log_files/Model ( so_2024_EI_01 ) Log.txt,7, 3521652, 99624, 1734952, 48663649,  01:45:50.7,  02:20:27.2. 
log_files/Model ( b_2024_EI_NYISO_37 ) Log (3).txt,1, 2575644, 6000, 183623, 737626,  00:00:06.2,  00:26:38.6. 
log_files/Model ( b_2024_EI_NYISO_37 ) Log (3).txt,2, 2575644, 6000, 183623, 737626,  00:00:09.1,  00:21:07.5. 
log_files/Model ( b_2024_EI_NYISO_37 ) Log (3).txt,3, 2575644, 6000, 183623, 737626,  00:00:06.5,  00:19:11.1. 
log_files/Model ( b_2024_EI_NYISO_37 ) Log (3).txt,4, 2575644, 6000, 183623, 737626,  00:00:06.4,  00:22:39.3. 
log_files/Model ( b_2024_EI_NYISO_37 ) Log (3).txt,5, 2575644, 6000, 183623, 737626,  00:00:06.8,  00:20:24.8. 
log_files/Model ( b_2024_EI_NYISO_37 ) Log (3).txt,6, 2575644, 6000, 183623, 737626,  00:00:06.8,  00:20:16.5. 
log_files/Model ( b_2024_EI_NYISO_37 ) Log (3).txt,7, 2575644, 6000, 183623, 737626,  00:00:06.4,  00:21:39.3. 
log_files/Model ( b_2024_EI_PJM_13 ) Log (3).txt,1, 2705788, 21024, 419674, 7298021,  00:00:20.9,  00:30:04.3. 
log_files/Model ( b_2024_EI_PJM_13 ) Log (3).txt,2, 2705788, 21024, 419674, 7298028,  00:01:14.1,  00:21:18.6. 
log_files/Model ( b_2024_EI_PJM_13 ) Log (3).txt,3, 2705788, 21024, 419674, 7298028,  00:00:49.2,  00:24:48.8. 
log_files/Model ( b_2024_EI_PJM_13 ) Log (3).txt,4, 2705788, 21024, 419674, 7298028,  00:00:47.9,  00:28:44.7. 
log_files/Model ( b_2024_EI_PJM_13 ) Log (3).txt,5, 2705788, 21024, 419674, 7298028,  00:00:36.9,  00:29:23.1. 
log_files/Model ( b_2024_EI_PJM_13 ) Log (3).txt,6, 2705788, 21024, 419674, 7298028,  00:00:56.6,  00:28:07.3. 
log_files/Model ( b_2024_EI_PJM_13 ) Log (3).txt,7, 2705788, 21024, 419674, 7298028,  00:00:44.6,  00:17:11.8. 
log_files/Model ( b_2024_EI_ISONE_07 ) Log (4).txt,1, 2585752, 6576, 196098, 10449930,  00:00:13.1,  00:28:45.1. 
log_files/Model ( b_2024_EI_ISONE_07 ) Log (4).txt,2, 2585752, 6576, 196098, 10449939,  00:00:19.1,  00:23:40.9. 
log_files/Model ( b_2024_EI_ISONE_07 ) Log (4).txt,3, 2585752, 6576, 196098, 10449939,  00:00:17.0,  00:24:44.2. 
log_files/Model ( b_2024_EI_ISONE_07 ) Log (4).txt,4, 2585752, 6576, 196098, 10449939,  00:00:15.9,  00:24:54.0. 
log_files/Model ( b_2024_EI_ISONE_07 ) Log (4).txt,5, 2585752, 6576, 196098, 10449939,  00:00:21.3,  00:24:20.4. 
log_files/Model ( b_2024_EI_ISONE_07 ) Log (4).txt,6, 2585752, 6576, 196098, 10449939,  00:00:16.4,  00:18:05.5. 
log_files/Model ( b_2024_EI_ISONE_07 ) Log (4).txt,7, 2585752, 6576, 196098, 10449939,  00:00:17.7,  00:18:21.8. 
log_files/Model ( so_2024_EI_19 ) Log.txt,1, 3521652, 99624, 1734952, 48663603,  01:54:04.4,  02:26:17.1. 
log_files/Model ( so_2024_EI_19 ) Log.txt,2, 3521652, 99624, 1734952, 48663649,  02:01:36.2,  02:36:15.6. 
log_files/Model ( so_2024_EI_19 ) Log.txt,3, 3521652, 99624, 1734952, 48663649,  01:40:08.2,  02:08:07.8. 
log_files/Model ( so_2024_EI_19 ) Log.txt,4, 3521652, 99624, 1734952, 48663649,  01:24:01.1,  01:51:01.3. 
log_files/Model ( so_2024_EI_19 ) Log.txt,5, 3521652, 99624, 1734952, 48663649,  01:40:57.3,  02:12:46.1. 
log_files/Model ( so_2024_EI_19 ) Log.txt,6, 3521652, 99624, 1734952, 48663649,  01:23:01.9,  02:23:27.4. 
log_files/Model ( so_2024_EI_19 ) Log.txt,7, 3521652, 99624, 1734952, 48663649,  01:38:06.1,  02:37:27.1. 
log_files/Model ( b_2024_EI_PJM_37 ) Log (2).txt,1, 2705788, 21024, 419674, 7298021,  00:00:16.8,  00:28:06.2. 
log_files/Model ( b_2024_EI_PJM_37 ) Log (2).txt,2, 2705788, 21024, 419674, 7298028,  00:00:47.9,  00:19:31.1. 
log_files/Model ( b_2024_EI_PJM_37 ) Log (2).txt,3, 2705788, 21024, 419674, 7298028,  00:00:52.4,  00:24:21.2. 
log_files/Model ( b_2024_EI_PJM_37 ) Log (2).txt,4, 2705788, 21024, 419674, 7298028,  00:00:46.1,  00:25:08.6. 
log_files/Model ( b_2024_EI_PJM_37 ) Log (2).txt,5, 2705788, 21024, 419674, 7298028,  00:00:34.8,  00:31:37.1. 
log_files/Model ( b_2024_EI_PJM_37 ) Log (2).txt,6, 2705788, 21024, 419674, 7298028,  00:00:40.0,  00:32:56.4. 
log_files/Model ( b_2024_EI_PJM_37 ) Log (2).txt,7, 2705788, 21024, 419674, 7298028,  00:00:25.9,  00:36:24.4. 
log_files/Model ( b_2024_EI_CAN_25 ) Log (4).txt,1, 2578260, 6264, 184607, 741213,  00:00:06.3,  00:27:07.2. 
log_files/Model ( b_2024_EI_CAN_25 ) Log (4).txt,2, 2578260, 6264, 184607, 741216,  00:00:04.9,  00:22:10.7. 
log_files/Model ( b_2024_EI_CAN_25 ) Log (4).txt,3, 2578260, 6264, 184607, 741216,  00:00:04.5,  00:22:14.9. 
log_files/Model ( b_2024_EI_CAN_25 ) Log (4).txt,4, 2578260, 6264, 184607, 741216,  00:00:04.6,  00:17:56.6. 
log_files/Model ( b_2024_EI_CAN_25 ) Log (4).txt,5, 2578260, 6264, 184607, 741216,  00:00:04.0,  00:20:20.0. 
log_files/Model ( b_2024_EI_CAN_25 ) Log (4).txt,6, 2578260, 6264, 184607, 741216,  00:00:04.4,  00:24:33.4. 
log_files/Model ( b_2024_EI_CAN_25 ) Log (4).txt,7, 2578260, 6264, 184607, 741216,  00:00:04.1,  00:27:03.9. 
log_files/Model ( b_2024_EI_CAN_19 ) Log (4).txt,1, 2578260, 6264, 184607, 741213,  00:00:05.1,  00:28:22.5. 
log_files/Model ( b_2024_EI_CAN_19 ) Log (4).txt,2, 2578260, 6264, 184607, 741216,  00:00:06.5,  00:19:52.5. 
log_files/Model ( b_2024_EI_CAN_19 ) Log (4).txt,3, 2578260, 6264, 184607, 741216,  00:00:04.6,  00:22:33.5. 
log_files/Model ( b_2024_EI_CAN_19 ) Log (4).txt,4, 2578260, 6264, 184607, 741216,  00:00:04.9,  00:22:43.0. 
log_files/Model ( b_2024_EI_CAN_19 ) Log (4).txt,5, 2578260, 6264, 184607, 741216,  00:00:04.9,  00:24:34.1. 
log_files/Model ( b_2024_EI_CAN_19 ) Log (4).txt,6, 2578260, 6264, 184607, 741216,  00:00:04.9,  00:28:29.9. 
log_files/Model ( b_2024_EI_CAN_19 ) Log (4).txt,7, 2578260, 6264, 184607, 741216,  00:00:04.7,  00:31:24.1. 
log_files/Model ( b_2024_EI_ISONE_13 ) Log (4).txt,1, 2585752, 6576, 196098, 10449930,  00:00:11.6,  00:29:11.9. 
log_files/Model ( b_2024_EI_ISONE_13 ) Log (4).txt,2, 2585752, 6576, 196098, 10449939,  00:00:17.4,  00:22:05.0. 
log_files/Model ( b_2024_EI_ISONE_13 ) Log (4).txt,3, 2585752, 6576, 196098, 10449939,  00:00:18.6,  00:24:23.5. 
log_files/Model ( b_2024_EI_ISONE_13 ) Log (4).txt,4, 2585752, 6576, 196098, 10449939,  00:00:18.5,  00:26:55.4. 
log_files/Model ( b_2024_EI_ISONE_13 ) Log (4).txt,5, 2585752, 6576, 196098, 10449939,  00:00:17.5,  00:25:52.9. 
log_files/Model ( b_2024_EI_ISONE_13 ) Log (4).txt,6, 2585752, 6576, 196098, 10449939,  00:00:18.7,  00:17:16.0. 
log_files/Model ( b_2024_EI_ISONE_13 ) Log (4).txt,7, 2585752, 6576, 196098, 10449939,  00:00:20.1,  00:18:15.8. 
log_files/Model ( b_2024_EI_NYISO_07 ) Log (3).txt,1, 2575644, 6000, 183623, 737626,  00:00:06.2,  00:28:55.3. 
log_files/Model ( b_2024_EI_NYISO_07 ) Log (3).txt,2, 2575644, 6000, 183623, 737626,  00:00:08.4,  00:22:43.6. 
log_files/Model ( b_2024_EI_NYISO_07 ) Log (3).txt,3, 2575644, 6000, 183623, 737626,  00:00:09.8,  00:20:34.9. 
log_files/Model ( b_2024_EI_NYISO_07 ) Log (3).txt,4, 2575644, 6000, 183623, 737626,  00:00:08.6,  00:21:19.1. 
log_files/Model ( b_2024_EI_NYISO_07 ) Log (3).txt,5, 2575644, 6000, 183623, 737626,  00:00:07.8,  00:23:02.9. 
log_files/Model ( b_2024_EI_NYISO_07 ) Log (3).txt,6, 2575644, 6000, 183623, 737626,  00:00:07.0,  00:16:10.0. 
log_files/Model ( b_2024_EI_NYISO_07 ) Log (3).txt,7, 2575644, 6000, 183623, 737626,  00:00:07.2,  00:18:37.3. 
log_files/Model ( b_2024_EI_CAN_31 ) Log (4).txt,1, 2578260, 6264, 184607, 741213,  00:00:05.7,  00:31:17.5. 
log_files/Model ( b_2024_EI_CAN_31 ) Log (4).txt,2, 2578260, 6264, 184607, 741216,  00:00:07.0,  00:20:43.2. 
log_files/Model ( b_2024_EI_CAN_31 ) Log (4).txt,3, 2578260, 6264, 184607, 741216,  00:00:04.4,  00:20:51.3. 
log_files/Model ( b_2024_EI_CAN_31 ) Log (4).txt,4, 2578260, 6264, 184607, 741216,  00:00:05.0,  00:25:28.6. 
log_files/Model ( b_2024_EI_CAN_31 ) Log (4).txt,5, 2578260, 6264, 184607, 741216,  00:00:05.0,  00:26:59.4. 
log_files/Model ( b_2024_EI_CAN_31 ) Log (4).txt,6, 2578260, 6264, 184607, 741216,  00:00:04.6,  00:31:15.7. 
log_files/Model ( b_2024_EI_CAN_31 ) Log (4).txt,7, 2578260, 6264, 184607, 741216,  00:00:05.1,  00:40:10.5. 
log_files/Model ( b_2024_EI_PJM_19 ) Log (3).txt,1, 2705788, 21024, 419674, 7298021,  00:00:31.3,  00:29:29.8. 
log_files/Model ( b_2024_EI_PJM_19 ) Log (3).txt,2, 2705788, 21024, 419674, 7298028,  00:00:42.5,  00:21:35.9. 
log_files/Model ( b_2024_EI_PJM_19 ) Log (3).txt,3, 2705788, 21024, 419674, 7298028,  00:00:28.5,  00:26:12.2. 
log_files/Model ( b_2024_EI_PJM_19 ) Log (3).txt,4, 2705788, 21024, 419674, 7298028,  00:00:40.8,  00:28:07.2. 
log_files/Model ( b_2024_EI_PJM_19 ) Log (3).txt,5, 2705788, 21024, 419674, 7298028,  00:00:45.4,  00:34:01.9. 
log_files/Model ( b_2024_EI_PJM_19 ) Log (3).txt,6, 2705788, 21024, 419674, 7298028,  00:00:42.7,  00:31:04.9. 
log_files/Model ( b_2024_EI_PJM_19 ) Log (3).txt,7, 2705788, 21024, 419674, 7298028,  00:00:47.6,  00:18:51.4. 
log_files/Model ( b_2024_EI_SPP_43 ) Log (3).txt,1, 2638420, 13632, 292520, 14257641,  00:00:22.5,  00:29:01.8. 
log_files/Model ( b_2024_EI_SPP_43 ) Log (3).txt,2, 2638420, 13632, 292520, 14257651,  00:00:46.7,  00:20:27.3. 
log_files/Model ( b_2024_EI_SPP_43 ) Log (3).txt,3, 2638420, 13632, 292520, 14257651,  00:00:32.5,  00:22:55.9. 
log_files/Model ( b_2024_EI_SPP_43 ) Log (3).txt,4, 2638420, 13632, 292520, 14257651,  00:00:30.1,  00:26:45.5. 
log_files/Model ( b_2024_EI_SPP_43 ) Log (3).txt,5, 2638420, 13632, 292520, 14257651,  00:00:38.2,  00:29:52.5. 
log_files/Model ( b_2024_EI_SPP_43 ) Log (3).txt,6, 2638420, 13632, 292520, 14257651,  00:00:45.5,  00:30:45.2. 
log_files/Model ( b_2024_EI_SPP_43 ) Log (3).txt,7, 2638420, 13632, 292520, 14257651,  00:00:49.3,  00:21:36.6. 
log_files/Model ( so_2024_EI_13 ) Log.txt,1, 3521652, 99624, 1734952, 48663603,  01:18:27.5,  01:49:29.4. 
log_files/Model ( so_2024_EI_13 ) Log.txt,2, 3521652, 99624, 1734952, 48663649,  02:10:44.5,  02:40:36.7. 
log_files/Model ( so_2024_EI_13 ) Log.txt,3, 3521652, 99624, 1734952, 48663649,  02:03:08.7,  02:46:49.5. 
log_files/Model ( so_2024_EI_13 ) Log.txt,4, 3521652, 99624, 1734952, 48663649,  01:49:14.3,  02:32:12.0. 
log_files/Model ( so_2024_EI_13 ) Log.txt,5, 3521652, 99624, 1734952, 48663649,  01:36:35.7,  02:15:50.0. 
log_files/Model ( so_2024_EI_13 ) Log.txt,6, 3521652, 99624, 1734952, 48663649,  01:35:29.9,  02:12:44.2. 
log_files/Model ( so_2024_EI_13 ) Log.txt,7, 3521652, 99624, 1734952, 48663649,  01:53:27.5,  02:25:46.9. 
log_files/Model ( b_2024_EI_SE_43 ) Log (2).txt,1, 2753948, 23808, 479725, 9991618,  00:00:46.3,  00:30:13.3. 
log_files/Model ( b_2024_EI_SE_43 ) Log (2).txt,2, 2753948, 23808, 479725, 9991624,  00:01:24.8,  00:25:21.6. 
log_files/Model ( b_2024_EI_SE_43 ) Log (2).txt,3, 2753948, 23808, 479725, 9991624,  00:01:15.4,  00:30:33.9. 
log_files/Model ( b_2024_EI_SE_43 ) Log (2).txt,4, 2753948, 23808, 479725, 9991624,  00:00:54.7,  00:21:42.6. 
log_files/Model ( b_2024_EI_SE_43 ) Log (2).txt,5, 2753948, 23808, 479725, 9991624,  00:01:12.4,  00:29:04.0. 
log_files/Model ( b_2024_EI_SE_43 ) Log (2).txt,6, 2753948, 23808, 479725, 9991624,  00:02:03.7,  00:41:19.8. 
log_files/Model ( b_2024_EI_SE_43 ) Log (2).txt,7, 2753948, 23808, 479725, 9991624,  00:02:30.6,  00:50:57.4. 
log_files/Model ( b_2024_EI_CAN_13 ) Log (4).txt,1, 2578260, 6264, 184607, 741213,  00:00:06.7,  00:30:13.5. 
log_files/Model ( b_2024_EI_CAN_13 ) Log (4).txt,2, 2578260, 6264, 184607, 741216,  00:00:04.8,  00:22:32.6. 
log_files/Model ( b_2024_EI_CAN_13 ) Log (4).txt,3, 2578260, 6264, 184607, 741216,  00:00:04.7,  00:28:38.1. 
log_files/Model ( b_2024_EI_CAN_13 ) Log (4).txt,4, 2578260, 6264, 184607, 741216,  00:00:04.5,  00:28:22.0. 
log_files/Model ( b_2024_EI_CAN_13 ) Log (4).txt,5, 2578260, 6264, 184607, 741216,  00:00:04.8,  00:19:44.0. 
log_files/Model ( b_2024_EI_CAN_13 ) Log (4).txt,6, 2578260, 6264, 184607, 741216,  00:00:04.7,  00:21:41.9. 
log_files/Model ( b_2024_EI_CAN_13 ) Log (4).txt,7, 2578260, 6264, 184607, 741216,  00:00:05.0,  00:27:04.2. 
log_files/Model ( b_2024_EI_ISONE_25 ) Log (4).txt,1, 2585752, 6576, 196098, 10449930,  00:00:11.9,  00:27:52.2. 
log_files/Model ( b_2024_EI_ISONE_25 ) Log (4).txt,2, 2585752, 6576, 196098, 10449939,  00:00:19.0,  00:21:36.3. 
log_files/Model ( b_2024_EI_ISONE_25 ) Log (4).txt,3, 2585752, 6576, 196098, 10449939,  00:00:18.2,  00:20:16.7. 
log_files/Model ( b_2024_EI_ISONE_25 ) Log (4).txt,4, 2585752, 6576, 196098, 10449939,  00:00:17.0,  00:24:05.3. 
log_files/Model ( b_2024_EI_ISONE_25 ) Log (4).txt,5, 2585752, 6576, 196098, 10449939,  00:00:17.6,  00:24:21.0. 
log_files/Model ( b_2024_EI_ISONE_25 ) Log (4).txt,6, 2585752, 6576, 196098, 10449939,  00:00:19.1,  00:28:14.8. 
log_files/Model ( b_2024_EI_ISONE_25 ) Log (4).txt,7, 2585752, 6576, 196098, 10449939,  00:00:15.8,  00:30:59.4. 
log_files/Model ( b_2024_EI_MISO_01 ) Log (4).txt,1, 2738212, 22320, 456872, 18750130,  00:00:53.2,  00:28:22.1. 
log_files/Model ( b_2024_EI_MISO_01 ) Log (4).txt,2, 2738212, 22320, 456872, 18750141,  00:02:17.5,  00:27:40.2. 
log_files/Model ( b_2024_EI_MISO_01 ) Log (4).txt,3, 2738212, 22320, 456872, 18750141,  00:02:31.5,  00:29:38.0. 
log_files/Model ( b_2024_EI_MISO_01 ) Log (4).txt,4, 2738212, 22320, 456872, 18750141,  00:01:27.8,  00:26:44.9. 
log_files/Model ( b_2024_EI_MISO_01 ) Log (4).txt,5, 2738212, 22320, 456872, 18750141,  00:01:18.8,  00:33:53.6. 
log_files/Model ( b_2024_EI_MISO_01 ) Log (4).txt,6, 2738212, 22320, 456872, 18750141,  00:01:35.2,  00:37:55.9. 
log_files/Model ( b_2024_EI_MISO_01 ) Log (4).txt,7, 2738212, 22320, 456872, 18750141,  00:01:40.1,  00:20:53.1. 
log_files/Model ( b_2024_EI_SE_25 ) Log (3).txt,1, 2753948, 23808, 479725, 9991618,  00:00:58.9,  00:32:34.0. 
log_files/Model ( b_2024_EI_SE_25 ) Log (3).txt,2, 2753948, 23808, 479725, 9991624,  00:01:45.6,  00:31:42.8. 
log_files/Model ( b_2024_EI_SE_25 ) Log (3).txt,3, 2753948, 23808, 479725, 9991624,  00:01:43.6,  00:30:29.8. 
log_files/Model ( b_2024_EI_SE_25 ) Log (3).txt,4, 2753948, 23808, 479725, 9991624,  00:02:06.7,  00:33:19.1. 
log_files/Model ( b_2024_EI_SE_25 ) Log (3).txt,5, 2753948, 23808, 479725, 9991624,  00:01:54.1,  00:42:57.3. 
log_files/Model ( b_2024_EI_SE_25 ) Log (3).txt,6, 2753948, 23808, 479725, 9991624,  00:02:33.4,  00:44:38.4. 
log_files/Model ( b_2024_EI_SE_25 ) Log (3).txt,7, 2753948, 23808, 479725, 9991624,  00:02:07.3,  00:22:08.8. 
log_files/Model ( b_2024_EI_SPP_19 ) Log (3).txt,1, 2638420, 13632, 292520, 14257641,  00:00:29.3,  00:31:24.6. 
log_files/Model ( b_2024_EI_SPP_19 ) Log (3).txt,2, 2638420, 13632, 292520, 14257651,  00:00:51.5,  00:21:12.2. 
log_files/Model ( b_2024_EI_SPP_19 ) Log (3).txt,3, 2638420, 13632, 292520, 14257651,  00:00:53.0,  00:24:21.1. 
log_files/Model ( b_2024_EI_SPP_19 ) Log (3).txt,4, 2638420, 13632, 292520, 14257651,  00:00:42.1,  00:25:18.9. 
log_files/Model ( b_2024_EI_SPP_19 ) Log (3).txt,5, 2638420, 13632, 292520, 14257651,  00:00:35.4,  00:28:25.5. 
log_files/Model ( b_2024_EI_SPP_19 ) Log (3).txt,6, 2638420, 13632, 292520, 14257651,  00:01:01.0,  00:34:01.3. 
log_files/Model ( b_2024_EI_SPP_19 ) Log (3).txt,7, 2638420, 13632, 292520, 14257651,  00:00:46.5,  00:37:18.8. 
log_files/Model ( b_2024_EI_NYISO_13 ) Log (3).txt,1, 2575644, 6000, 183623, 737626,  00:00:05.9,  00:26:37.6. 
log_files/Model ( b_2024_EI_NYISO_13 ) Log (3).txt,2, 2575644, 6000, 183623, 737626,  00:00:08.9,  00:20:42.3. 
log_files/Model ( b_2024_EI_NYISO_13 ) Log (3).txt,3, 2575644, 6000, 183623, 737626,  00:00:09.5,  00:20:50.5. 
log_files/Model ( b_2024_EI_NYISO_13 ) Log (3).txt,4, 2575644, 6000, 183623, 737626,  00:00:08.3,  00:21:50.3. 
log_files/Model ( b_2024_EI_NYISO_13 ) Log (3).txt,5, 2575644, 6000, 183623, 737626,  00:00:07.3,  00:25:37.0. 
log_files/Model ( b_2024_EI_NYISO_13 ) Log (3).txt,6, 2575644, 6000, 183623, 737626,  00:00:07.0,  00:20:32.9. 
log_files/Model ( b_2024_EI_NYISO_13 ) Log (3).txt,7, 2575644, 6000, 183623, 737626,  00:00:06.6,  00:16:37.6. 
log_files/Model ( b_2024_EI_SPP_01 ) Log (3).txt,1, 2638420, 13632, 292520, 14257641,  00:00:28.8,  00:28:10.1. 
log_files/Model ( b_2024_EI_SPP_01 ) Log (3).txt,2, 2638420, 13632, 292520, 14257651,  00:00:38.5,  00:22:24.5. 
log_files/Model ( b_2024_EI_SPP_01 ) Log (3).txt,3, 2638420, 13632, 292520, 14257651,  00:00:46.1,  00:23:15.3. 
log_files/Model ( b_2024_EI_SPP_01 ) Log (3).txt,4, 2638420, 13632, 292520, 14257651,  00:00:45.3,  00:25:47.8. 
log_files/Model ( b_2024_EI_SPP_01 ) Log (3).txt,5, 2638420, 13632, 292520, 14257651,  00:00:34.3,  00:28:08.0. 
log_files/Model ( b_2024_EI_SPP_01 ) Log (3).txt,6, 2638420, 13632, 292520, 14257651,  00:00:36.6,  00:18:00.4. 
log_files/Model ( b_2024_EI_SPP_01 ) Log (3).txt,7, 2638420, 13632, 292520, 14257651,  00:00:27.0,  00:21:07.1. 
log_files/Model ( b_2024_EI_SE_37 ) Log (2).txt,1, 2753948, 23808, 479725, 9991618,  00:00:48.0,  00:30:17.4. 
log_files/Model ( b_2024_EI_SE_37 ) Log (2).txt,2, 2753948, 23808, 479725, 9991624,  00:01:44.7,  00:29:26.0. 
log_files/Model ( b_2024_EI_SE_37 ) Log (2).txt,3, 2753948, 23808, 479725, 9991624,  00:01:34.5,  00:32:01.6. 
log_files/Model ( b_2024_EI_SE_37 ) Log (2).txt,4, 2753948, 23808, 479725, 9991624,  00:01:28.4,  00:24:15.7. 
log_files/Model ( b_2024_EI_SE_37 ) Log (2).txt,5, 2753948, 23808, 479725, 9991624,  00:01:06.3,  00:28:49.0. 
log_files/Model ( b_2024_EI_SE_37 ) Log (2).txt,6, 2753948, 23808, 479725, 9991624,  00:01:27.9,  00:40:46.1. 
log_files/Model ( b_2024_EI_SE_37 ) Log (2).txt,7, 2753948, 23808, 479725, 9991624,  00:00:52.5,  00:49:07.0. 
log_files/Model ( so_2024_EI_07 ) Log.txt,1, 3521652, 99624, 1734952, 48663603,  01:11:11.9,  01:40:18.2. 
log_files/Model ( so_2024_EI_07 ) Log.txt,2, 3521652, 99624, 1734952, 48663649,  01:04:47.7,  01:36:43.5. 
log_files/Model ( so_2024_EI_07 ) Log.txt,3, 3521652, 99624, 1734952, 48663649,  01:07:53.7,  01:57:33.2. 
log_files/Model ( so_2024_EI_07 ) Log.txt,4, 3521652, 99624, 1734952, 48663649,  01:31:03.9,  02:12:52.5. 
log_files/Model ( so_2024_EI_07 ) Log.txt,5, 3521652, 99624, 1734952, 48663649,  01:47:04.7,  02:29:47.6. 
log_files/Model ( so_2024_EI_07 ) Log.txt,6, 3521652, 99624, 1734952, 48663649,  01:32:26.6,  02:10:37.7. 
log_files/Model ( so_2024_EI_07 ) Log.txt,7, 3521652, 99624, 1734952, 48663649,  01:38:30.1,  02:10:40.8. 
log_files/Model ( b_2024_EI_PJM_31 ) Log (3).txt,1, 2705788, 21024, 419674, 7298021,  00:00:24.3,  00:28:57.8. 
log_files/Model ( b_2024_EI_PJM_31 ) Log (3).txt,2, 2705788, 21024, 419674, 7298028,  00:00:47.6,  00:22:01.0. 
log_files/Model ( b_2024_EI_PJM_31 ) Log (3).txt,3, 2705788, 21024, 419674, 7298028,  00:00:27.8,  00:23:24.4. 
log_files/Model ( b_2024_EI_PJM_31 ) Log (3).txt,4, 2705788, 21024, 419674, 7298028,  00:00:43.5,  00:26:23.3. 
log_files/Model ( b_2024_EI_PJM_31 ) Log (3).txt,5, 2705788, 21024, 419674, 7298028,  00:00:39.3,  00:25:38.6. 
log_files/Model ( b_2024_EI_PJM_31 ) Log (3).txt,6, 2705788, 21024, 419674, 7298028,  00:00:26.0,  00:18:52.8. 
log_files/Model ( b_2024_EI_PJM_31 ) Log (3).txt,7, 2705788, 21024, 419674, 7298028,  00:00:33.5,  00:22:22.6. 
log_files/Model ( so_2024_EI_31 ) Log.txt,1, 3521652, 99624, 1734952, 48663603,  01:24:13.9,  01:54:15.2. 
log_files/Model ( so_2024_EI_31 ) Log.txt,2, 3521652, 99624, 1734952, 48663649,  01:27:35.8,  01:56:46.8. 
log_files/Model ( so_2024_EI_31 ) Log.txt,3, 3521652, 99624, 1734952, 48663649,  00:53:06.1,  01:35:25.2. 
log_files/Model ( so_2024_EI_31 ) Log.txt,4, 3521652, 99624, 1734952, 48663649,  01:41:58.0,  02:22:53.3. 
log_files/Model ( so_2024_EI_31 ) Log.txt,5, 3521652, 99624, 1734952, 48663649,  01:31:50.8,  02:05:08.4. 
log_files/Model ( so_2024_EI_31 ) Log.txt,6, 3521652, 99624, 1734952, 48663649,  01:53:55.6,  02:24:34.8. 
log_files/Model ( so_2024_EI_31 ) Log.txt,7, 3521652, 99624, 1734952, 48663649,  02:41:04.7,  03:12:25.2. 
log_files/Model ( so_2024_EI_37 ) Log.txt,1, 3521652, 99624, 1734952, 48663603,  01:15:35.5,  01:46:23.1. 
log_files/Model ( so_2024_EI_37 ) Log.txt,2, 3521652, 99624, 1734952, 48663649,  01:50:03.5,  02:22:34.2. 
log_files/Model ( so_2024_EI_37 ) Log.txt,3, 3521652, 99624, 1734952, 48663649,  01:59:25.9,  02:32:42.9. 
log_files/Model ( so_2024_EI_37 ) Log.txt,4, 3521652, 99624, 1734952, 48663649,  01:52:50.5,  02:50:27.4. 
log_files/Model ( so_2024_EI_37 ) Log.txt,5, 3521652, 99624, 1734952, 48663649,  01:54:58.9,  02:54:31.3. 
log_files/Model ( so_2024_EI_37 ) Log.txt,6, 3521652, 99624, 1734952, 48663649,  01:07:57.8,  02:08:56.9. 
log_files/Model ( so_2024_EI_37 ) Log.txt,7, 3521652, 99624, 1734952, 48663649,  00:59:33.3,  01:57:01.9. 
log_files/Model ( b_2024_EI_MISO_07 ) Log (3).txt,1, 2738212, 22320, 456872, 18750130,  00:00:51.2,  00:36:10.8. 
log_files/Model ( b_2024_EI_MISO_07 ) Log (3).txt,2, 2738212, 22320, 456872, 18750141,  00:01:13.7,  00:34:03.0. 
log_files/Model ( b_2024_EI_MISO_07 ) Log (3).txt,3, 2738212, 22320, 456872, 18750141,  00:00:53.4,  00:29:51.6. 
log_files/Model ( b_2024_EI_MISO_07 ) Log (3).txt,4, 2738212, 22320, 456872, 18750141,  00:01:01.9,  00:42:49.0. 
log_files/Model ( b_2024_EI_MISO_07 ) Log (3).txt,5, 2738212, 22320, 456872, 18750141,  00:01:41.0,  00:43:15.5. 
log_files/Model ( b_2024_EI_MISO_07 ) Log (3).txt,6, 2738212, 22320, 456872, 18750141,  00:01:24.9,  00:26:43.4. 
log_files/Model ( b_2024_EI_MISO_07 ) Log (3).txt,7, 2738212, 22320, 456872, 18750141,  00:01:50.1,  00:39:54.5. 
log_files/Model ( b_2024_EI_SE_07 ) Log (2).txt,1, 2753948, 23808, 479725, 9991618,  00:00:43.6,  00:32:06.2. 
log_files/Model ( b_2024_EI_SE_07 ) Log (2).txt,2, 2753948, 23808, 479725, 9991624,  00:00:48.5,  00:30:05.5. 
log_files/Model ( b_2024_EI_SE_07 ) Log (2).txt,3, 2753948, 23808, 479725, 9991624,  00:01:07.8,  00:23:19.3. 
log_files/Model ( b_2024_EI_SE_07 ) Log (2).txt,4, 2753948, 23808, 479725, 9991624,  00:01:29.0,  00:28:10.7. 
log_files/Model ( b_2024_EI_SE_07 ) Log (2).txt,5, 2753948, 23808, 479725, 9991624,  00:01:29.0,  00:39:15.6. 
log_files/Model ( b_2024_EI_SE_07 ) Log (2).txt,6, 2753948, 23808, 479725, 9991624,  00:01:15.3,  00:48:52.6. 
log_files/Model ( b_2024_EI_SE_07 ) Log (2).txt,7, 2753948, 23808, 479725, 9991624,  00:00:45.9,  00:19:50.0. 
log_files/Model ( b_2024_EI_ISONE_19 ) Log (4).txt,1, 2585752, 6576, 196098, 10449930,  00:00:11.3,  00:27:48.8. 
log_files/Model ( b_2024_EI_ISONE_19 ) Log (4).txt,2, 2585752, 6576, 196098, 10449939,  00:00:18.2,  00:20:51.2. 
log_files/Model ( b_2024_EI_ISONE_19 ) Log (4).txt,3, 2585752, 6576, 196098, 10449939,  00:00:16.0,  00:24:31.6. 
log_files/Model ( b_2024_EI_ISONE_19 ) Log (4).txt,4, 2585752, 6576, 196098, 10449939,  00:00:17.8,  00:24:18.0. 
log_files/Model ( b_2024_EI_ISONE_19 ) Log (4).txt,5, 2585752, 6576, 196098, 10449939,  00:00:16.3,  00:25:21.6. 
log_files/Model ( b_2024_EI_ISONE_19 ) Log (4).txt,6, 2585752, 6576, 196098, 10449939,  00:00:17.7,  00:24:59.9. 
log_files/Model ( b_2024_EI_ISONE_19 ) Log (4).txt,7, 2585752, 6576, 196098, 10449939,  00:00:16.5,  00:18:27.2. 
log_files/Model ( b_2024_EI_ISONE_01 ) Log (4).txt,1, 2585752, 6576, 196098, 10449930,  00:00:11.5,  00:28:49.5. 
log_files/Model ( b_2024_EI_ISONE_01 ) Log (4).txt,2, 2585752, 6576, 196098, 10449939,  00:00:18.1,  00:19:58.0. 
log_files/Model ( b_2024_EI_ISONE_01 ) Log (4).txt,3, 2585752, 6576, 196098, 10449939,  00:00:19.7,  00:20:22.1. 
log_files/Model ( b_2024_EI_ISONE_01 ) Log (4).txt,4, 2585752, 6576, 196098, 10449939,  00:00:16.3,  00:23:44.7. 
log_files/Model ( b_2024_EI_ISONE_01 ) Log (4).txt,5, 2585752, 6576, 196098, 10449939,  00:00:16.3,  00:24:17.0. 
log_files/Model ( b_2024_EI_ISONE_01 ) Log (4).txt,6, 2585752, 6576, 196098, 10449939,  00:00:15.4,  00:25:49.2. 
log_files/Model ( b_2024_EI_ISONE_01 ) Log (4).txt,7, 2585752, 6576, 196098, 10449939,  00:00:14.7,  00:29:56.2. 
log_files/Model ( b_2024_EI_SE_31 ) Log (3).txt,1, 2753948, 23808, 479725, 9991618,  00:00:56.8,  00:29:37.9. 
log_files/Model ( b_2024_EI_SE_31 ) Log (3).txt,2, 2753948, 23808, 479725, 9991624,  00:01:34.7,  00:24:55.3. 
log_files/Model ( b_2024_EI_SE_31 ) Log (3).txt,3, 2753948, 23808, 479725, 9991624,  00:00:57.5,  00:27:41.2. 
log_files/Model ( b_2024_EI_SE_31 ) Log (3).txt,4, 2753948, 23808, 479725, 9991624,  00:01:00.6,  00:20:08.6. 
log_files/Model ( b_2024_EI_SE_31 ) Log (3).txt,5, 2753948, 23808, 479725, 9991624,  00:00:55.5,  00:24:09.8. 
log_files/Model ( b_2024_EI_SE_31 ) Log (3).txt,6, 2753948, 23808, 479725, 9991624,  00:01:22.7,  00:34:52.5. 
log_files/Model ( b_2024_EI_SE_31 ) Log (3).txt,7, 2753948, 23808, 479725, 9991624,  00:02:11.1,  00:44:19.2. 
log_files/Model ( b_2024_EI_SE_19 ) Log (3).txt,1, 2753948, 23808, 479725, 9991618,  00:00:57.0,  00:28:44.4. 
log_files/Model ( b_2024_EI_SE_19 ) Log (3).txt,2, 2753948, 23808, 479725, 9991624,  00:01:24.4,  00:23:34.7. 
log_files/Model ( b_2024_EI_SE_19 ) Log (3).txt,3, 2753948, 23808, 479725, 9991624,  00:01:07.6,  00:31:04.0. 
log_files/Model ( b_2024_EI_SE_19 ) Log (3).txt,4, 2753948, 23808, 479725, 9991624,  00:01:36.2,  00:32:06.6. 
log_files/Model ( b_2024_EI_SE_19 ) Log (3).txt,5, 2753948, 23808, 479725, 9991624,  00:01:25.6,  00:22:38.1. 
log_files/Model ( b_2024_EI_SE_19 ) Log (3).txt,6, 2753948, 23808, 479725, 9991624,  00:01:23.7,  00:32:49.5. 
log_files/Model ( b_2024_EI_SE_19 ) Log (3).txt,7, 2753948, 23808, 479725, 9991624,  00:01:16.0,  00:43:15.2. 
log_files/Model ( b_2024_EI_MISO_19 ) Log (4).txt,1, 2738212, 22320, 456872, 18750130,  00:01:34.4,  00:32:31.4. 
log_files/Model ( b_2024_EI_MISO_19 ) Log (4).txt,2, 2738212, 22320, 456872, 18750141,  00:02:01.3,  00:24:02.2. 
log_files/Model ( b_2024_EI_MISO_19 ) Log (4).txt,3, 2738212, 22320, 456872, 18750141,  00:01:19.4,  00:32:04.7. 
log_files/Model ( b_2024_EI_MISO_19 ) Log (4).txt,4, 2738212, 22320, 456872, 18750141,  00:01:18.1,  00:37:52.3. 
log_files/Model ( b_2024_EI_MISO_19 ) Log (4).txt,5, 2738212, 22320, 456872, 18750141,  00:01:41.0,  00:26:11.2. 
log_files/Model ( b_2024_EI_MISO_19 ) Log (4).txt,6, 2738212, 22320, 456872, 18750141,  00:01:21.0,  00:35:13.3. 
log_files/Model ( b_2024_EI_MISO_19 ) Log (4).txt,7, 2738212, 22320, 456872, 18750141,  00:01:18.7,  00:44:32.7. 
log_files/Model ( b_2024_EI_NYISO_31 ) Log (3).txt,1, 2575644, 6000, 183623, 737626,  00:00:05.3,  00:26:52.4. 
log_files/Model ( b_2024_EI_NYISO_31 ) Log (3).txt,2, 2575644, 6000, 183623, 737626,  00:00:09.5,  00:22:25.8. 
log_files/Model ( b_2024_EI_NYISO_31 ) Log (3).txt,3, 2575644, 6000, 183623, 737626,  00:00:05.8,  00:18:48.0. 
log_files/Model ( b_2024_EI_NYISO_31 ) Log (3).txt,4, 2575644, 6000, 183623, 737626,  00:00:06.7,  00:19:05.9. 
log_files/Model ( b_2024_EI_NYISO_31 ) Log (3).txt,5, 2575644, 6000, 183623, 737626,  00:00:06.0,  00:19:19.0. 
log_files/Model ( b_2024_EI_NYISO_31 ) Log (3).txt,6, 2575644, 6000, 183623, 737626,  00:00:05.7,  00:19:43.1. 
log_files/Model ( b_2024_EI_NYISO_31 ) Log (3).txt,7, 2575644, 6000, 183623, 737626,  00:00:05.7,  00:23:22.6. 
log_files/Model ( b_2024_EI_MISO_25 ) Log (4).txt,1, 2738212, 22320, 456872, 18750130,  00:00:49.7,  00:29:19.9. 
log_files/Model ( b_2024_EI_MISO_25 ) Log (4).txt,2, 2738212, 22320, 456872, 18750141,  00:01:26.9,  00:25:12.1. 
log_files/Model ( b_2024_EI_MISO_25 ) Log (4).txt,3, 2738212, 22320, 456872, 18750141,  00:01:23.1,  00:24:02.1. 
log_files/Model ( b_2024_EI_MISO_25 ) Log (4).txt,4, 2738212, 22320, 456872, 18750141,  00:01:10.8,  00:28:46.0. 
log_files/Model ( b_2024_EI_MISO_25 ) Log (4).txt,5, 2738212, 22320, 456872, 18750141,  00:01:44.8,  00:38:37.8. 
log_files/Model ( b_2024_EI_MISO_25 ) Log (4).txt,6, 2738212, 22320, 456872, 18750141,  00:01:57.7,  00:38:35.6. 
log_files/Model ( b_2024_EI_MISO_25 ) Log (4).txt,7, 2738212, 22320, 456872, 18750141,  00:01:00.0,  00:26:56.0. 
log_files/Model ( b_2024_EI_MISO_13 ) Log (4).txt,1, 2738212, 22320, 456872, 18750130,  00:01:12.2,  00:27:25.7. 
log_files/Model ( b_2024_EI_MISO_13 ) Log (4).txt,2, 2738212, 22320, 456872, 18750141,  00:01:21.6,  00:24:06.8. 
log_files/Model ( b_2024_EI_MISO_13 ) Log (4).txt,3, 2738212, 22320, 456872, 18750141,  00:01:35.0,  00:28:53.5. 
log_files/Model ( b_2024_EI_MISO_13 ) Log (4).txt,4, 2738212, 22320, 456872, 18750141,  00:01:02.6,  00:21:52.6. 
log_files/Model ( b_2024_EI_MISO_13 ) Log (4).txt,5, 2738212, 22320, 456872, 18750141,  00:01:23.0,  00:29:39.2. 
log_files/Model ( b_2024_EI_MISO_13 ) Log (4).txt,6, 2738212, 22320, 456872, 18750141,  00:01:53.8,  00:31:55.0. 
log_files/Model ( b_2024_EI_MISO_13 ) Log (4).txt,7, 2738212, 22320, 456872, 18750141,  00:02:33.0,  00:22:19.1. 
log_files/Model ( b_2024_EI_NYISO_25 ) Log (3).txt,1, 2575644, 6000, 183623, 737626,  00:00:05.5,  00:30:27.6. 
log_files/Model ( b_2024_EI_NYISO_25 ) Log (3).txt,2, 2575644, 6000, 183623, 737626,  00:00:09.1,  00:22:40.4. 
log_files/Model ( b_2024_EI_NYISO_25 ) Log (3).txt,3, 2575644, 6000, 183623, 737626,  00:00:06.9,  00:23:47.3. 
log_files/Model ( b_2024_EI_NYISO_25 ) Log (3).txt,4, 2575644, 6000, 183623, 737626,  00:00:05.8,  00:24:24.2. 
log_files/Model ( b_2024_EI_NYISO_25 ) Log (3).txt,5, 2575644, 6000, 183623, 737626,  00:00:06.0,  00:24:46.5. 
log_files/Model ( b_2024_EI_NYISO_25 ) Log (3).txt,6, 2575644, 6000, 183623, 737626,  00:00:06.3,  00:27:44.9. 
log_files/Model ( b_2024_EI_NYISO_25 ) Log (3).txt,7, 2575644, 6000, 183623, 737626,  00:00:06.5,  00:29:11.4. 
log_files/Model ( b_2024_EI_PJM_07 ) Log (2).txt,1, 2705788, 21024, 419674, 7298021,  00:00:21.1,  00:31:50.6. 
log_files/Model ( b_2024_EI_PJM_07 ) Log (2).txt,2, 2705788, 21024, 419674, 7298028,  00:00:30.9,  00:28:51.3. 
log_files/Model ( b_2024_EI_PJM_07 ) Log (2).txt,3, 2705788, 21024, 419674, 7298028,  00:00:26.6,  00:27:56.7. 
log_files/Model ( b_2024_EI_PJM_07 ) Log (2).txt,4, 2705788, 21024, 419674, 7298028,  00:00:38.5,  00:20:22.8. 
log_files/Model ( b_2024_EI_PJM_07 ) Log (2).txt,5, 2705788, 21024, 419674, 7298028,  00:00:42.1,  00:24:27.6. 
log_files/Model ( b_2024_EI_PJM_07 ) Log (2).txt,6, 2705788, 21024, 419674, 7298028,  00:00:40.7,  00:30:57.7. 
log_files/Model ( b_2024_EI_PJM_07 ) Log (2).txt,7, 2705788, 21024, 419674, 7298028,  00:00:40.9,  00:36:12.7. 
log_files/Model ( b_2024_EI_SPP_31 ) Log (3).txt,1, 2638420, 13632, 292520, 14257641,  00:00:18.5,  00:29:11.9. 
log_files/Model ( b_2024_EI_SPP_31 ) Log (3).txt,2, 2638420, 13632, 292520, 14257651,  00:00:23.0,  00:22:25.1. 
log_files/Model ( b_2024_EI_SPP_31 ) Log (3).txt,3, 2638420, 13632, 292520, 14257651,  00:00:24.5,  00:25:58.2. 
log_files/Model ( b_2024_EI_SPP_31 ) Log (3).txt,4, 2638420, 13632, 292520, 14257651,  00:00:29.4,  00:25:44.7. 
log_files/Model ( b_2024_EI_SPP_31 ) Log (3).txt,5, 2638420, 13632, 292520, 14257651,  00:00:28.5,  00:19:18.8. 
log_files/Model ( b_2024_EI_SPP_31 ) Log (3).txt,6, 2638420, 13632, 292520, 14257651,  00:00:29.6,  00:20:59.3. 
log_files/Model ( b_2024_EI_SPP_31 ) Log (3).txt,7, 2638420, 13632, 292520, 14257651,  00:00:35.3,  00:26:21.4. 
