Decomposition,ISO,Region
MISO,MISO,CONS
MISO,MISO,EES-ARK
MISO,MISO,MISO-MO
MISO,MISO,MN-SE
MISO,MISO,ATC
MISO,MISO,DECO
MISO,MISO,LA-N
MISO,MISO,NIPS
MISO,MISO,IN-C
MISO,MISO,IA-E
MISO,MISO,IN-S
MISO,MISO,LA-Gulf
MISO,MISO,MN-C
MISO,MISO,MISO-MS
MISO,MISO,IL-C
MISO,MISO,EES-TX
MISO,MISO,MN-NW
MISO,MISO,MEC
MISO,MISO,MN-NE
MISO,MISO,UPPC
MISO,MISO,MDU
MISO,MISO,BREC
MISO,MISO,SIPC
NE,ISO-NE,CT
NE,ISO-NE,NEMASSBOST
NE,ISO-NE,RI
NE,ISO-NE,VT
NE,ISO-NE,NE-ME
NE,NYISO,MHK VL
NE,ISO-NE,WCMASS
NE,NYISO,N.Y.C.
NE,NYISO,HUD VL
NE,NYISO,LONGIL
NE,NYISO,WEST
NE,NYISO,CAPITL
NE,NYISO,CENTRL
NE,NYISO,NORTH
NE,NYISO,GENESE
NE,ISO-NE,NH
NE,ISO-NE,SEMASS
NE,NYISO,MILLWD
NE,NYISO,DUNWOD
PJM,PJM,EMAAC
PJM,PJM,RMAAC
PJM,PJM,DOM
PJM,PJM,PJM-W
PJM,PJM,PJM-E
PJM,PJM,PJM-C
